question,answer
what is anime?,anime is japanese animated content
where did anime originate?,anime originated in japan
what is the meaning of shonen anime?,shonen anime targets young male audiences
what is shoujo anime?,shoujo anime targets young female audiences
what is seinen anime?,seinen anime targets adult male audiences
what is josei anime?,josei anime targets adult female audiences
what is manga?,manga is japanese comic literature
how is anime different from cartoons?,anime has unique art and storytelling styles
what is a light novel in anime?,a light novel is a written story adapted into anime
what is an anime adaptation?,anime adaptation is animation based on source material
what does filler episode mean?,filler episodes are content not in original story
what is canon in anime?,canon refers to official story content
what is non canon anime content?,non canon content is not part of original story
what is an anime arc?,an anime arc is a connected storyline
what is seasonal anime?,seasonal anime airs in specific yearly seasons
what is an anime opening?,anime opening is the intro sequence
what is an anime ending?,anime ending is the closing sequence
what is a studio in anime production?,a studio produces anime series
what is subbed anime?,subbed anime has subtitles
what is dubbed anime?,dubbed anime has translated voice audio
what is an anime ost?,anime ost is original soundtrack music
what is a waifu?,waifu is a favorite female character
what is a husbando?,husbando is a favorite male character
what is cosplay?,cosplay is dressing as anime characters
what is an anime convention?,anime convention is a fan gathering event
what is an anime genre?,anime genre defines story type
what is isekai anime?,isekai anime involves another world
what is mecha anime?,mecha anime features giant robots
what is slice of life anime?,slice of life anime shows daily life
what is fantasy anime?,fantasy anime includes magical elements
what is action anime?,action anime focuses on combat scenes
what is romance anime?,romance anime focuses on relationships
what is horror anime?,horror anime aims to scare viewers
what is anime censorship?,anime censorship removes sensitive content
what is anime rating system?,anime rating system shows age suitability
what is anime streaming?,anime streaming is watching online
what is binge watching anime?,binge watching anime means watching many episodes
what is anime fandom?,anime fandom is the fan community
what is anime merch?,anime merch refers to anime products
what is chibi style?,chibi style is a cute art form
what is anime art style?,anime art style is visual design
what is character design in anime?,character design defines appearance and traits
what is voice acting in anime?,voice acting brings characters to life
what is anime soundtrack?,anime soundtrack supports emotional scenes
what is anime movie?,anime movie is a full length film
what is anime series?,anime series has multiple episodes
what is anime ova?,anime ova is original video animation
what is anime ona?,anime ona is original net animation
what is anime recap episode?,anime recap episode summarizes previous events
what is anime remake?,anime remake retells an older series
what is anime reboot?,anime reboot restarts the story
what is anime crossover?,anime crossover combines multiple series
what is anime power system?,anime power system defines character abilities
what is anime protagonist?,anime protagonist is main character
what is anime antagonist?,anime antagonist opposes the protagonist
what is anime world building?,anime world building creates the setting
what is anime timeline?,anime timeline orders story events
what is anime cliffhanger?,anime cliffhanger ends with suspense
what is anime plot twist?,anime plot twist changes expectations
what is anime symbolism?,anime symbolism uses visual meaning
what is anime fan service?,anime fan service adds audience appeal
what is anime rating score?,anime rating score reflects viewer opinion
what is anime community?,anime community connects fans
what is anime popularity?,anime popularity shows audience reach
what is anime influence?,anime influence affects global media
what is anime culture?,anime culture includes traditions and trends
what is anime industry?,anime industry manages production
what is anime production committee?,production committee funds anime projects
what is anime broadcast schedule?,broadcast schedule shows airing times
what is anime episode length?,episode length is usually around twenty minutes
what is anime season finale?,season finale concludes the season
what is anime opening theme?,opening theme is the intro song
what is anime ending theme?,ending theme is the closing song
